,Facility ID,Facility Name,file_month,file_year,Healthcare Associated Infections: CLABSI (SIR),Healthcare Associated Infections: CLABSI Number of Device Days,Healthcare Associated Infections: CLABSI Number of Procedures,Healthcare Associated Infections: CLABSI Observed Cases,Healthcare Associated Infections: CLABSI Predicted Cases,Healthcare Associated Infections: CLABSI SIR (ICUs only),Healthcare Associated Infections: CLABSI lower CL,Healthcare Associated Infections: CLABSI upper CL,Healthcare Associated Infections: CAUTI (SIR),Healthcare Associated Infections: CAUTI Number of Procedures,Healthcare Associated Infections: CAUTI Observed Cases,Healthcare Associated Infections: CAUTI Predicted Cases,Healthcare Associated Infections: CAUTI SIR (ICUs only),Healthcare Associated Infections: CAUTI Urinary Catheter Days,Healthcare Associated Infections: CAUTI lower CL,Healthcare Associated Infections: CAUTI upper CL,Healthcare Associated Infections: MRSA (SIR),Healthcare Associated Infections: MRSA Observed Cases,Healthcare Associated Infections: MRSA Predicted Cases,Healthcare Associated Infections: MRSA lower CL,Healthcare Associated Infections: MRSA patient days,Healthcare Associated Infections: MRSA upper CL,Healthcare Associated Infections: CDIFF (SIR),Healthcare Associated Infections: CDIFF Observed Cases,Healthcare Associated Infections: CDIFF Predicted Cases,Healthcare Associated Infections: CDIFF lower CL,Healthcare Associated Infections: CDIFF patient days,Healthcare Associated Infections: CDIFF upper CL,Healthcare Associated Infections: SSI Colon Number of Procedures,Healthcare Associated Infections: SSI Colon Observed Cases,Healthcare Associated Infections: SSI Colon Predicted Cases,Healthcare Associated Infections: SSI Colon Surgery (SIR),Healthcare Associated Infections: SSI Colon lower CL,Healthcare Associated Infections: SSI Colon upper CL,Healthcare Associated Infections: SSI Abdominal Hysterectomy (SIR),Healthcare Associated Infections: SSI Abdominal Number of Procedures,Healthcare Associated Infections: SSI Abdominal Observed Cases,Healthcare Associated Infections: SSI Abdominal Predicted Cases,Healthcare Associated Infections: SSI Abdominal lower CL,Healthcare Associated Infections: SSI Abdominal upper CL,HVBP Total Performance: Total Performance Score,HVBP Total Performance: Unweighted Normalized Clinical Outcomes Domain Score,HVBP Total Performance: Unweighted Normalized Efficiency And Cost Reduction Domain Score,HVBP Total Performance: Unweighted Normalized Safety Domain Score,HVBP Total Performance: Unweighted Person And Community Engagement Domain Score,HVBP Total Performance: Weighted Efficiency And Cost Reduction Domain Score,HVBP Total Performance: Weighted Normalized Clinical Outcomes Domain Score,HVBP Total Performance: Weighted Person And Community Engagement Domain Score,HVBP Total Performance: Weighted Safety Domain Score,HVBP Total Performance: Unweighted Normalized Efficiency and Cost Reduction Domain Score,HVBP Total Performance: Unweighted Person and Community Engagement Domain Score,HVBP Total Performance: Weighted Efficiency and Cost Reduction Domain Score,HVBP Total Performance: Weighted Person and Community Engagement Domain Score,HVBP Total Performance: Unweighted Normalized Clinical Care Domain Score,HVBP Total Performance: Weighted Normalized Clinical Care Domain Score,HVBP Total Performance: Unweighted Patient and Caregiver Centered Experience of Care/Care Coordination Domain Score,HVBP Total Performance: Weighted Patient and Caregiver Centered Experience of Care/Care Coordination Domain Score,HVBP Total Performance: Unweighted Normalized Clinical Care - Outcomes Domain Score,HVBP Total Performance: Unweighted Normalized Clinical Care - Process Domain Score,HVBP Total Performance: Weighted Clinical Care - Process Domain Score,HVBP Total Performance: Weighted Normalized Clinical Care - Outcomes Domain Score,HVBP Total Performance: Unweighted Normalized Clinical Process of Care Domain Score,HVBP Total Performance: Unweighted Normalized Efficiency Domain Score,HVBP Total Performance: Unweighted Normalized Outcome Domain Score,HVBP Total Performance: Unweighted Patient Experience of Care Domain Score,HVBP Total Performance: Weighted Clinical Process of Care Domain Score,HVBP Total Performance: Weighted Efficiency Domain Score,HVBP Total Performance: Weighted Outcome Domain Score,HVBP Total Performance: Weighted Patient Experience of Care Domain Score,HVBP Clinical Outcomes: COMP-HIP-KNEE Achievement Points,HVBP Clinical Outcomes: COMP-HIP-KNEE Achievement Threshold,HVBP Clinical Outcomes: COMP-HIP-KNEE Baseline Rate,HVBP Clinical Outcomes: COMP-HIP-KNEE Benchmark,HVBP Clinical Outcomes: COMP-HIP-KNEE Improvement Points,HVBP Clinical Outcomes: COMP-HIP-KNEE Measure Score,HVBP Clinical Outcomes: COMP-HIP-KNEE Performance Rate,HVBP Clinical Outcomes: MORT-30-AMI Achievement Points,HVBP Clinical Outcomes: MORT-30-AMI Achievement Threshold,HVBP Clinical Outcomes: MORT-30-AMI Baseline Rate,HVBP Clinical Outcomes: MORT-30-AMI Benchmark,HVBP Clinical Outcomes: MORT-30-AMI Improvement Points,HVBP Clinical Outcomes: MORT-30-AMI Measure Score,HVBP Clinical Outcomes: MORT-30-AMI Performance Rate,HVBP Clinical Outcomes: MORT-30-CABG Achievement Points,HVBP Clinical Outcomes: MORT-30-CABG Achievement Threshold,HVBP Clinical Outcomes: MORT-30-CABG Baseline Rate,HVBP Clinical Outcomes: MORT-30-CABG Benchmark,HVBP Clinical Outcomes: MORT-30-CABG Improvement Points,HVBP Clinical Outcomes: MORT-30-CABG Measure Score,HVBP Clinical Outcomes: MORT-30-CABG Performance Rate,HVBP Clinical Outcomes: MORT-30-COPD Achievement Points,HVBP Clinical Outcomes: MORT-30-COPD Achievement Threshold,HVBP Clinical Outcomes: MORT-30-COPD Baseline Rate,HVBP Clinical Outcomes: MORT-30-COPD Benchmark,HVBP Clinical Outcomes: MORT-30-COPD Improvement Points,HVBP Clinical Outcomes: MORT-30-COPD Measure Score,HVBP Clinical Outcomes: MORT-30-COPD Performance Rate,HVBP Clinical Outcomes: MORT-30-HF Achievement Points,HVBP Clinical Outcomes: MORT-30-HF Achievement Threshold,HVBP Clinical Outcomes: MORT-30-HF Baseline Rate,HVBP Clinical Outcomes: MORT-30-HF Benchmark,HVBP Clinical Outcomes: MORT-30-HF Improvement Points,HVBP Clinical Outcomes: MORT-30-HF Measure Score,HVBP Clinical Outcomes: MORT-30-HF Performance Rate,HVBP Clinical Outcomes: MORT-30-PN Achievement Points,HVBP Clinical Outcomes: MORT-30-PN Achievement Threshold,HVBP Clinical Outcomes: MORT-30-PN Baseline Rate,HVBP Clinical Outcomes: MORT-30-PN Benchmark,HVBP Clinical Outcomes: MORT-30-PN Improvement Points,HVBP Clinical Outcomes: MORT-30-PN Measure Score,HVBP Clinical Outcomes: MORT-30-PN Performance Rate,HVBP Clinical Outcomes: Combined SSI Measure Score,HVBP Clinical Outcomes: HAI-1 Achievement Points,HVBP Clinical Outcomes: HAI-1 Improvement Points,HVBP Clinical Outcomes: HAI-1 Measure Score,HVBP Clinical Outcomes: HAI-1 Performance_Rate,HVBP Clinical Outcomes: HAI-2 Achievement Points,HVBP Clinical Outcomes: HAI-2 Improvement Points,HVBP Clinical Outcomes: HAI-2 Measure Score,HVBP Clinical Outcomes: HAI-2 Performance Rate,HVBP Clinical Outcomes: HAI-3 Achievement Points,HVBP Clinical Outcomes: HAI-3 Improvement Points,HVBP Clinical Outcomes: HAI-3 Measure Score,HVBP Clinical Outcomes: HAI-3 Performance Rate,HVBP Clinical Outcomes: HAI-4 Achievement Points,HVBP Clinical Outcomes: HAI-4 Improvement Points,HVBP Clinical Outcomes: HAI-4 Measure Score,HVBP Clinical Outcomes: HAI-4 Performance Rate,HVBP Clinical Outcomes: PSI-90 Achievement Points,HVBP Clinical Outcomes: PSI-90 Improvement Points,HVBP Clinical Outcomes: PSI-90 Measure Score,HVBP Clinical Outcomes: PSI-90 Performance Rate,HVBP Clinical Outcomes: HAI-1 Performance Rate,HVBP Efficiency: MSPB-1 Achievement Points,HVBP Efficiency: MSPB-1 Achievement Threshold,HVBP Efficiency: MSPB-1 Baseline Rate,HVBP Efficiency: MSPB-1 Benchmark,HVBP Efficiency: MSPB-1 Improvement Points,HVBP Efficiency: MSPB-1 Measure Score,HVBP Efficiency: MSPB-1 Performance Rate,HVBP Safety: Combined SSI Measure Score,HVBP Safety: HAI-1 Achievement Points,HVBP Safety: HAI-1 Achievement Threshold,HVBP Safety: HAI-1 Baseline Rate,HVBP Safety: HAI-1 Benchmark,HVBP Safety: HAI-1 Improvement Points,HVBP Safety: HAI-1 Measure Score,HVBP Safety: HAI-1 Performance Rate,HVBP Safety: HAI-2 Achievement Points,HVBP Safety: HAI-2 Achievement Threshold,HVBP Safety: HAI-2 Baseline Rate,HVBP Safety: HAI-2 Benchmark,HVBP Safety: HAI-2 Improvement Points,HVBP Safety: HAI-2 Measure Score,HVBP Safety: HAI-2 Performance Rate,HVBP Safety: HAI-3 Achievement Points,HVBP Safety: HAI-3 Achievement Threshold,HVBP Safety: HAI-3 Baseline Rate,HVBP Safety: HAI-3 Benchmark,HVBP Safety: HAI-3 Improvement Points,HVBP Safety: HAI-3 Measure Score,HVBP Safety: HAI-3 Performance Rate,HVBP Safety: HAI-4 Achievement Points,HVBP Safety: HAI-4 Achievement Threshold,HVBP Safety: HAI-4 Baseline Rate,HVBP Safety: HAI-4 Benchmark,HVBP Safety: HAI-4 Improvement Points,HVBP Safety: HAI-4 Measure Score,HVBP Safety: HAI-4 Performance Rate,HVBP Safety: HAI-5 Achievement Points,HVBP Safety: HAI-5 Achievement Threshold,HVBP Safety: HAI-5 Baseline Rate,HVBP Safety: HAI-5 Benchmark,HVBP Safety: HAI-5 Improvement Points,HVBP Safety: HAI-5 Measure Score,HVBP Safety: HAI-5 Performance Rate,HVBP Safety: HAI-6 Achievement Points,HVBP Safety: HAI-6 Achievement Threshold,HVBP Safety: HAI-6 Baseline Rate,HVBP Safety: HAI-6 Benchmark,HVBP Safety: HAI-6 Improvement Points,HVBP Safety: HAI-6 Measure Score,HVBP Safety: HAI-6 Performance Rate,HVBP Safety: COMP-HIP-KNEE Achievement Points,HVBP Safety: COMP-HIP-KNEE Achievement Threshold,HVBP Safety: COMP-HIP-KNEE Baseline Rate,HVBP Safety: COMP-HIP-KNEE Benchmark,HVBP Safety: COMP-HIP-KNEE Improvement Points,HVBP Safety: COMP-HIP-KNEE Measure Score,HVBP Safety: COMP-HIP-KNEE Performance Rate,HVBP Safety: MORT-30-AMI Achievement Points,HVBP Safety: MORT-30-AMI Achievement Threshold,HVBP Safety: MORT-30-AMI Baseline Rate,HVBP Safety: MORT-30-AMI Benchmark,HVBP Safety: MORT-30-AMI Improvement Points,HVBP Safety: MORT-30-AMI Measure Score,HVBP Safety: MORT-30-AMI Performance Rate,HVBP Safety: MORT-30-HF Achievement Points,HVBP Safety: MORT-30-HF Achievement Threshold,HVBP Safety: MORT-30-HF Baseline Rate,HVBP Safety: MORT-30-HF Benchmark,HVBP Safety: MORT-30-HF Improvement Points,HVBP Safety: MORT-30-HF Measure Score,HVBP Safety: MORT-30-HF Performance Rate,HVBP Safety: MORT-30-PN Achievement Points,HVBP Safety: MORT-30-PN Achievement Threshold,HVBP Safety: MORT-30-PN Baseline Rate,HVBP Safety: MORT-30-PN Benchmark,HVBP Safety: MORT-30-PN Improvement Points,HVBP Safety: MORT-30-PN Measure Score,HVBP Safety: MORT-30-PN Performance Rate,HVBP Safety: PC-01 Achievement Points,HVBP Safety: PC-01 Achievement Threshold,HVBP Safety: PC-01 Baseline Rate,HVBP Safety: PC-01 Benchmark,HVBP Safety: PC-01 Improvement Points,HVBP Safety: PC-01 Measure Score,HVBP Safety: PC-01 Performance Rate,HVBP Safety: PSI-90 Achievement Points,HVBP Safety: PSI-90 Achievement Threshold,HVBP Safety: PSI-90 Baseline Rate,HVBP Safety: PSI-90 Benchmark,HVBP Safety: PSI-90 Improvement Points,HVBP Safety: PSI-90 Measure Score,HVBP Safety: PSI-90 Performance Rate,HVBP HCAHPS: Care Transition Achievement Points,HVBP HCAHPS: Care Transition Achievement Threshold,HVBP HCAHPS: Care Transition Baseline Rate,HVBP HCAHPS: Care Transition Benchmark,HVBP HCAHPS: Care Transition Dimension Score,HVBP HCAHPS: Care Transition Floor,HVBP HCAHPS: Care Transition Improvement Points,HVBP HCAHPS: Care Transition Performance Rate,HVBP HCAHPS: Cleanliness and Quietness of Hospital Environment Achievement Points,HVBP HCAHPS: Cleanliness and Quietness of Hospital Environment Achievement Threshold,HVBP HCAHPS: Cleanliness and Quietness of Hospital Environment Baseline Rate,HVBP HCAHPS: Cleanliness and Quietness of Hospital Environment Benchmark,HVBP HCAHPS: Cleanliness and Quietness of Hospital Environment Dimension Score,HVBP HCAHPS: Cleanliness and Quietness of Hospital Environment Floor,HVBP HCAHPS: Cleanliness and Quietness of Hospital Environment Improvement Points,HVBP HCAHPS: Cleanliness and Quietness of Hospital Environment Performance Rate,HVBP HCAHPS: Communication about Medicines Achievement Points,HVBP HCAHPS: Communication about Medicines Achievement Threshold,HVBP HCAHPS: Communication about Medicines Baseline Rate,HVBP HCAHPS: Communication about Medicines Benchmark,HVBP HCAHPS: Communication about Medicines Dimension Score,HVBP HCAHPS: Communication about Medicines Floor,HVBP HCAHPS: Communication about Medicines Improvement Points,HVBP HCAHPS: Communication about Medicines Performance Rate,HVBP HCAHPS: Communication with Doctors Achievement Points,HVBP HCAHPS: Communication with Doctors Achievement Threshold,HVBP HCAHPS: Communication with Doctors Baseline Rate,HVBP HCAHPS: Communication with Doctors Benchmark,HVBP HCAHPS: Communication with Doctors Dimension Score,HVBP HCAHPS: Communication with Doctors Floor,HVBP HCAHPS: Communication with Doctors Improvement Points,HVBP HCAHPS: Communication with Doctors Performance Rate,HVBP HCAHPS: Communication with Nurses Achievement Points,HVBP HCAHPS: Communication with Nurses Achievement Threshold,HVBP HCAHPS: Communication with Nurses Baseline Rate,HVBP HCAHPS: Communication with Nurses Benchmark,HVBP HCAHPS: Communication with Nurses Dimension Score,HVBP HCAHPS: Communication with Nurses Floor,HVBP HCAHPS: Communication with Nurses Improvement Points,HVBP HCAHPS: Communication with Nurses Performance Rate,HVBP HCAHPS: Discharge Information Achievement Points,HVBP HCAHPS: Discharge Information Achievement Threshold,HVBP HCAHPS: Discharge Information Baseline Rate,HVBP HCAHPS: Discharge Information Benchmark,HVBP HCAHPS: Discharge Information Dimension Score,HVBP HCAHPS: Discharge Information Floor,HVBP HCAHPS: Discharge Information Improvement Points,HVBP HCAHPS: Discharge Information Performance Rate,HVBP HCAHPS: HCAHPS Base Score,HVBP HCAHPS: HCAHPS Consistency Score,HVBP HCAHPS: Overall Rating of Hospital Achievement Points,HVBP HCAHPS: Overall Rating of Hospital Achievement Threshold,HVBP HCAHPS: Overall Rating of Hospital Baseline Rate,HVBP HCAHPS: Overall Rating of Hospital Benchmark,HVBP HCAHPS: Overall Rating of Hospital Dimension Score,HVBP HCAHPS: Overall Rating of Hospital Floor,HVBP HCAHPS: Overall Rating of Hospital Improvement Points,HVBP HCAHPS: Overall Rating of Hospital Performance Rate,HVBP HCAHPS: Responsiveness of Hospital Staff Achievement Points,HVBP HCAHPS: Responsiveness of Hospital Staff Achievement Threshold,HVBP HCAHPS: Responsiveness of Hospital Staff Baseline Rate,HVBP HCAHPS: Responsiveness of Hospital Staff Benchmark,HVBP HCAHPS: Responsiveness of Hospital Staff Dimension Score,HVBP HCAHPS: Responsiveness of Hospital Staff Floor,HVBP HCAHPS: Responsiveness of Hospital Staff Improvement Points,HVBP HCAHPS: Responsiveness of Hospital Staff Performance Rate,HVBP HCAHPS: Pain Management Achievement Points,HVBP HCAHPS: Pain Management Achievement Threshold,HVBP HCAHPS: Pain Management Baseline Rate,HVBP HCAHPS: Pain Management Benchmark,HVBP HCAHPS: Pain Management Dimension Score,HVBP HCAHPS: Pain Management Floor,HVBP HCAHPS: Pain Management Improvement Points,HVBP HCAHPS: Pain Management Performance Rate,Outpatient Imaging Efficiency: Measure Name,Outpatient Imaging Efficiency: Score,Payment and Value of Care: Measure Name,Payment and Value of Care: Denominator,Payment and Value of Care: Payment Category,Payment and Value of Care: Payment,Payment and Value of Care: Higher Estimate,Payment and Value of Care: Lower Estimate,Payment and Value of Care: Value of Care Category,Complications and Deaths: AMI 30-Day Mortality Rate (MORT 30 AMI),Complications and Deaths: Abdominopelvic accidental puncture or laceration rate (PSI 15),Complications and Deaths: Acute Myocardial Infarction 30-Day Readmission Rate (READM 30 AMI),Complications and Deaths: Death rate among surgical inpatients with serious treatable complications (PSI 4),Complications and Deaths: Death rate for CABG surgery patients (MORT 30 CABG),Complications and Deaths: Death rate for COPD patients (MORT 30 COPD),Complications and Deaths: Death rate for stroke patients (MORT 30 STK),Complications and Deaths: Heart failure 30-Day Mortality Rate (MORT 30 HF),Complications and Deaths: Heart failure 30-Day Readmission Rate (READM 30 HF),Complications and Deaths: Hospital-wide readmission rate after discharge from hospital (READM 30 HOSP WIDE),Complications and Deaths: Iatrogenic pneumothorax rate (PSI 6),Complications and Deaths: In-hospital fall with hip fracture rate (PSI 8),Complications and Deaths: Infections from a large venous catheter (PSI 7),Complications and Deaths: Patient safety and adverse events composite (PSI 90),Complications and Deaths: Perioperative hemorrhage or hematoma rate (PSI 9),Complications and Deaths: Perioperative pulmonary embolism or deep vein thrombosis rate (PSI 12),Complications and Deaths: Pneumonia 30-Day Mortality Rate (MORT 30 PN),Complications and Deaths: Pneumonia 30-Day Readmission Rate (READM 30 PN),Complications and Deaths: Postoperative acute kidney injury requiring dialysis rate (PSI 10),Complications and Deaths: Postoperative hemorrhage or hematoma rate (PSI 9),Complications and Deaths: Postoperative respiratory failure rate (PSI 11),Complications and Deaths: Postoperative sepsis rate (PSI 13),Complications and Deaths: Postoperative wound dehiscence rate (PSI 14),Complications and Deaths: Pressure ulcer rate (PSI 3),Complications and Deaths: Rate of complications for hip/knee replacement patients (COMP HIP KNEE),Complications and Deaths: Rate of readmission after hip/knee surgery (READM 30 HIP KNEE),Complications and Deaths: Rate of unplanned readmission for COPD patients (READM 30 COPD),Complications and Deaths: Rate of unplanned readmission for stroke patients (READM 30 STK),Timely and Effective Care: Measure Name,Timely and Effective Care: Score,Timely and Effective Care: Sample,Hospital Readmissions Reduction Program: Measure Name,Hospital Readmissions Reduction Program: Excess Readmission Ratio,Hospital Readmissions Reduction Program: Expected Readmission Rate,Hospital Readmissions Reduction Program: Number of Discharges,Hospital Readmissions Reduction Program: Number of Readmissions,Hospital Readmissions Reduction Program: Predicted Readmission Rate,Hospital Acquired Conditions Reduction Program: CAUTI Score,Hospital Acquired Conditions Reduction Program: CAUTI SIR,Hospital Acquired Conditions Reduction Program: CAUTI W Z Score,Hospital Acquired Conditions Reduction Program: CDI Score,Hospital Acquired Conditions Reduction Program: CDI SIR,Hospital Acquired Conditions Reduction Program: CDI W Z Score,Hospital Acquired Conditions Reduction Program: CLABSI Score,Hospital Acquired Conditions Reduction Program: CLABSI SIR,Hospital Acquired Conditions Reduction Program: CLABSI W Z Score,Hospital Acquired Conditions Reduction Program: MRSA Score,Hospital Acquired Conditions Reduction Program: MRSA SIR,Hospital Acquired Conditions Reduction Program: MRSA W Z Score,Hospital Acquired Conditions Reduction Program: SSI Score,Hospital Acquired Conditions Reduction Program: SSI SIR,Hospital Acquired Conditions Reduction Program: SSI W Z Score,Hospital Acquired Conditions Reduction Program: PSI-90 Score,Hospital Acquired Conditions Reduction Program: PSI-90 W Z Score,Hospital Acquired Conditions Reduction Program: Domain 1 Score,Hospital Acquired Conditions Reduction Program: Domain 2 Score,Hospital Acquired Conditions Reduction Program: Total HAC Score,Hospital Acquired Conditions Reduction Program: Payment Reduction,HCAHPS: Number of Completed Surveys,HCAHPS: Survey Response Rate Percent,HCAHPS: Nurse communication: HCAHPS Linear Mean Value,HCAHPS: Doctor communication: HCAHPS Linear Mean Value,HCAHPS: Staff responsiveness: HCAHPS Linear Mean Value,HCAHPS: Communication about medicines: HCAHPS Linear Mean Value,HCAHPS: Discharge information: HCAHPS Linear Mean Value,HCAHPS: Care transition: HCAHPS Linear Mean Value,HCAHPS: Cleanliness: HCAHPS Linear Mean Value,HCAHPS: Quietness: HCAHPS Linear Mean Value,HCAHPS: Overall hospital rating: HCAHPS Linear Mean Value,HCAHPS: Recommend hospital: HCAHPS Linear Mean Value,HCAHPS: Pain management: HCAHPS Linear Mean Value,HCAHPS: Patients who reported that their nurses Always communicated well: HCAHPS Answer Percent,HCAHPS: Patients who reported that their nurses Sometimes or Never communicated well: HCAHPS Answer Percent,HCAHPS: Patients who reported that their nurses Usually communicated well: HCAHPS Answer Percent,HCAHPS: Patients who reported that their nurses Always treated them with courtesy and respect: HCAHPS Answer Percent,HCAHPS: Patients who reported that their nurses Sometimes or Never treated them with courtesy and respect: HCAHPS Answer Percent,HCAHPS: Patients who reported that their nurses Usually treated them with courtesy and respect: HCAHPS Answer Percent,HCAHPS: Patients who reported that their nurses Always listened carefully to them: HCAHPS Answer Percent,HCAHPS: Patients who reported that their nurses Sometimes or Never listened carefully to them: HCAHPS Answer Percent,HCAHPS: Patients who reported that their nurses Usually listened carefully to them: HCAHPS Answer Percent,HCAHPS: Patients who reported that their nurses Always explained things in a way they could understand: HCAHPS Answer Percent,HCAHPS: Patients who reported that their nurses Sometimes or Never explained things in a way they could understand: HCAHPS Answer Percent,HCAHPS: Patients who reported that their nurses Usually explained things in a way they could understand: HCAHPS Answer Percent,HCAHPS: Patients who reported that their doctors Always communicated well: HCAHPS Answer Percent,HCAHPS: Patients who reported that their doctors Sometimes or Never communicated well: HCAHPS Answer Percent,HCAHPS: Patients who reported that their doctors Usually communicated well: HCAHPS Answer Percent,HCAHPS: Patients who reported that their doctors Always treated them with courtesy and respect: HCAHPS Answer Percent,HCAHPS: Patients who reported that their doctors Sometimes or Never treated them with courtesy and respect: HCAHPS Answer Percent,HCAHPS: Patients who reported that their doctors Usually treated them with courtesy and respect: HCAHPS Answer Percent,HCAHPS: Patients who reported that their doctors Always listened carefully to them: HCAHPS Answer Percent,HCAHPS: Patients who reported that their doctors Sometimes or Never listened carefully to them: HCAHPS Answer Percent,HCAHPS: Patients who reported that their doctors Usually listened carefully to them: HCAHPS Answer Percent,HCAHPS: Patients who reported that their doctors Always explained things in a way they could understand: HCAHPS Answer Percent,HCAHPS: Patients who reported that their doctors Sometimes or Never explained things in a way they could understand: HCAHPS Answer Percent,HCAHPS: Patients who reported that their doctors Usually explained things in a way they could understand: HCAHPS Answer Percent,HCAHPS: Patients who reported that they Always received help as soon as they wanted: HCAHPS Answer Percent,HCAHPS: Patients who reported that they Sometimes or Never received help as soon as they wanted: HCAHPS Answer Percent,HCAHPS: Patients who reported that they Usually received help as soon as they wanted: HCAHPS Answer Percent,HCAHPS: Patients who reported that they Always received help after using the call button as soon as they wanted: HCAHPS Answer Percent,HCAHPS: Patients who reported that they Sometimes or Never received help after using the call button as soon as they wanted: HCAHPS Answer Percent,HCAHPS: Patients who reported that they Usually received help after using the call button as soon as they wanted: HCAHPS Answer Percent,HCAHPS: Patients who reported that they Always received bathroom help as soon as they wanted: HCAHPS Answer Percent,HCAHPS: Patients who reported that they Sometimes or Never received bathroom help as soon as they wanted: HCAHPS Answer Percent,HCAHPS: Patients who reported that they Usually received bathroom help as soon as they wanted: HCAHPS Answer Percent,HCAHPS: Patients who reported that staff Always explained about medicines before giving it to them: HCAHPS Answer Percent,HCAHPS: Patients who reported that staff Sometimes or Never explained about medicines before giving it to them: HCAHPS Answer Percent,HCAHPS: Patients who reported that staff Usually explained about medicines before giving it to them: HCAHPS Answer Percent,HCAHPS: Patients who reported that when receiving new medication the staff Always communicated what the medication was for: HCAHPS Answer Percent,HCAHPS: Patients who reported that when receiving new medication the staff Sometimes or Never communicated what the medication was for: HCAHPS Answer Percent,HCAHPS: Patients who reported that when receiving new medication the staff Usually communicated what the medication was for.: HCAHPS Answer Percent,HCAHPS: Patients who reported that when receiving new medication the staff Always discussed possible side effects: HCAHPS Answer Percent,HCAHPS: Patients who reported that when receiving new medication the staff Sometimes or Never discussed possible side effects: HCAHPS Answer Percent,HCAHPS: Patients who reported that when receiving new medication the staff Usually discussed possible side effects: HCAHPS Answer Percent,"HCAHPS: Patients who reported that NO, they were not given information about what to do during their recovery at home: HCAHPS Answer Percent","HCAHPS: Patients who reported that YES, they were given information about what to do during their recovery at home: HCAHPS Answer Percent","HCAHPS: Patients who reported that NO, they did not discuss whether they would need help after discharge: HCAHPS Answer Percent","HCAHPS: Patients who reported that YES, they did discuss whether they would need help after discharge: HCAHPS Answer Percent","HCAHPS: Patients who reported that NO, they did not receive written information about possible symptoms to look out for after discharge: HCAHPS Answer Percent","HCAHPS: Patients who reported that YES, they did receive written information about possible symptoms to look out for after discharge: HCAHPS Answer Percent",HCAHPS: Patients who Agree they understood their care when they left the hospital: HCAHPS Answer Percent,HCAHPS: Patients who Disagree or Strongly Disagree they understood their care when they left the hospital: HCAHPS Answer Percent,HCAHPS: Patients who Strongly Agree they understood their care when they left the hospital: HCAHPS Answer Percent,HCAHPS: Patients who Agree that the staff took my preferences into account when determining my health care needs: HCAHPS Answer Percent,HCAHPS: Patients who Disagree or Strongly Disagree that the staff took my preferences into account when determining my health care needs: HCAHPS Answer Percent,HCAHPS: Patients who Strongly Agree that the staff took my preferences into account when determining my health care needs: HCAHPS Answer Percent,HCAHPS: Patients who Agree that they understood their responsiblities in managing their health: HCAHPS Answer Percent,HCAHPS: Patients who Disagree or Strongly Disagree that they understood their responsiblities in managing their health: HCAHPS Answer Percent,HCAHPS: Patients who Strongly Agree that they understood their responsiblities in managing their health: HCAHPS Answer Percent,HCAHPS: Patients who Agree that they understood the purposes of their medications when leaving the hospital: HCAHPS Answer Percent,HCAHPS: Patients who Disagree or Strongly Disagree that they understood the purposes of their medications when leaving the hospital: HCAHPS Answer Percent,HCAHPS: Patients who Strongly Agree that they understood the purposes of their medications when leaving the hospital: HCAHPS Answer Percent,HCAHPS: Patients who reported that their room and bathroom were Always clean: HCAHPS Answer Percent,HCAHPS: Patients who reported that their room and bathroom were Sometimes or Never clean: HCAHPS Answer Percent,HCAHPS: Patients who reported that their room and bathroom were Usually clean: HCAHPS Answer Percent,HCAHPS: Patients who reported that the area around their room was Always quiet at night: HCAHPS Answer Percent,HCAHPS: Patients who reported that the area around their room was Sometimes or Never quiet at night: HCAHPS Answer Percent,HCAHPS: Patients who reported that the area around their room was Usually quiet at night: HCAHPS Answer Percent,HCAHPS: Patients who gave their hospital a rating of 6 or lower on a scale from 0 (lowest) to 10 (highest): HCAHPS Answer Percent,HCAHPS: Patients who gave their hospital a rating of 7 or 8 on a scale from 0 (lowest) to 10 (highest): HCAHPS Answer Percent,HCAHPS: Patients who gave their hospital a rating of 9 or 10 on a scale from 0 (lowest) to 10 (highest): HCAHPS Answer Percent,"HCAHPS: Patients who reported NO, they would probably not or definitely not recommend the hospital: HCAHPS Answer Percent","HCAHPS: Patients who reported YES, they would definitely recommend the hospital: HCAHPS Answer Percent","HCAHPS: Patients who reported YES, they would probably recommend the hospital: HCAHPS Answer Percent",HCAHPS: Patients who reported that their pain was Always well controlled: HCAHPS Answer Percent,HCAHPS: Patients who reported that their pain was Sometimes or Never well controlled: HCAHPS Answer Percent,HCAHPS: Patients who reported that their pain was Usually well controlled: HCAHPS Answer Percent,HCAHPS: Nurse communication: Patient Survey Star Rating,HCAHPS: Doctor communication: Patient Survey Star Rating,HCAHPS: Staff responsiveness: Patient Survey Star Rating,HCAHPS: Communication about medicines: Patient Survey Star Rating,HCAHPS: Discharge information: Patient Survey Star Rating,HCAHPS: Care transition: Patient Survey Star Rating,HCAHPS: Cleanliness: Patient Survey Star Rating,HCAHPS: Quietness: Patient Survey Star Rating,HCAHPS: Overall hospital rating: Patient Survey Star Rating,HCAHPS: Recommend hospital: Patient Survey Star Rating,HCAHPS: Summary star rating: Patient Survey Star Rating,HCAHPS: Pain management: Patient Survey Star Rating,Unplanned Visits: Measure Name,Unplanned Visits: Denominator,Unplanned Visits: Score,Unplanned Visits: Higher Estimate,Unplanned Visits: Lower Estimate,Unplanned Visits: Number of Patients,Unplanned Visits: Number of Patients Returned
0,010054,PARKWAY MEDICAL CENTER,04,2013,,,,,,,,,,,,,,,,,,,,,,,,,,,,,,,,,,,,,,,,,32.166666666667,,,,,,,,,,,,,,,,,,,,,26.666666666667,,,45.0,18.666666666667,,,13.5,,,,,,,,,,,,,,,,,,,,,,,,,,,,,,,,,,,,,,,,,,,,,,,,,,,,,,,,,,,,,,,,,,,,,,,,,,,,,,,,,,,,,,,,,,,,,,,,,,,,,,,,,,,,,,,,,,,,,,,,,,,,,,,,,,,,,,,,,,,,,,,,,,,,,,,,,,,,,,,,,,,,,5.0,,,,5.0,,3.0,,3.0,,,,4.0,,4.0,,5.0,,,,5.0,,0.0,,2.0,,,,2.0,,1.0,,0.0,,,,2.0,,2.0,,27,18,3.0,,,,3.0,,3.0,,2.0,,,,3.0,,3.0,,3.0,,,,3.0,,3.0,,,,,,,,,,,,,,,,,,,,,,,,,,,,,,,,,,,,,,,,,,READM-30-PN,1.0829,18.9,257,57.0,20.5,,,,,,,,,,,,,,,,,,,,,,,,,,,,,,,,,,,,,,,,,,,,,,,,,,,,,,,,,,,,,,,,,,,,,,,,,,,,,,,,,,,,,,,,,,,,,,,,,,,,,,,,,,,,,,,,,,,,,,,,,,,,,,,,
1,010054,PARKWAY MEDICAL CENTER,07,2013,,,,,,,,,,,,,,,,,,,,,,,,,,,,,,,,,,,,,,,,,32.166666666667,,,,,,,,,,,,,,,,,,,,,26.666666666667,,,45.0,18.666666666667,,,13.5,,,,,,,,,,,,,,,,,,,,,,,,,,,,,,,,,,,,,,,,,,,,,,,,,,,,,,,,,,,,,,,,,,,,,,,,,,,,,,,,,,,,,,,,,,,,,,,,,,,,,,,,,,,,,,,,,,,,,,,,,,,,,,,,,,,,,,,,,,,,,,,,,,,,,,,,,,,,,,,,,,,,,5.0,,,,5.0,,3.0,,3.0,,,,4.0,,4.0,,5.0,,,,5.0,,0.0,,2.0,,,,2.0,,1.0,,0.0,,,,2.0,,2.0,,27,18,3.0,,,,3.0,,3.0,,2.0,,,,3.0,,3.0,,3.0,,,,3.0,,3.0,,,,,,,,,,,,,,,,,,,,,,,,,,,,,,,,,,,,,,,,,,READM-30-PN,1.0829,18.9,257,57.0,20.5,,,,,,,,,,,,,,,,,,,,,,,,,,,,,,,,,,,,,,,,,,,,,,,,,,,,,,,,,,,,,,,,,,,,,,,,,,,,,,,,,,,,,,,,,,,,,,,,,,,,,,,,,,,,,,,,,,,,,,,,,,,,,,,,
2,010054,PARKWAY MEDICAL CENTER,10,2013,,,,,,,,,,,,,,,,,,,,,,,,,,,,,,,,,,,,,,,,,32.166666666667,,,,,,,,,,,,,,,,,,,,,26.666666666667,,,45.0,18.666666666667,,,13.5,,,,,,,,,,,,,,,,,,,,,,,,,,,,,,,,,,,,,,,,,,,,,,,,,,,,,,,,,,,,,,,,,,,,,,,,,,,,,,,,,,,,,,,,,,,,,,,,,,,,,,,,,,,,,,,,,,,,,,,,,,,,,,,,,,,,,,,,,,,,,,,,,,,,,,,,,,,,,,,,,,,,,5.0,,,,5.0,,3.0,,3.0,,,,4.0,,4.0,,5.0,,,,5.0,,0.0,,2.0,,,,2.0,,1.0,,0.0,,,,2.0,,2.0,,27,18,3.0,,,,3.0,,3.0,,2.0,,,,3.0,,3.0,,3.0,,,,3.0,,3.0,,,,,,,,,,,,,,,,,,,,,,,,,,,,,,,,,,,,,,,,,,READM-30-PN,1.1188,17.7,250,56,19.8,,,,,,,,,,,,,,,,,,,,,,,,,,,,,,,,,,,,,,,,,,,,,,,,,,,,,,,,,,,,,,,,,,,,,,,,,,,,,,,,,,,,,,,,,,,,,,,,,,,,,,,,,,,,,,,,,,,,,,,,,,,,,,,,
3,010054,PARKWAY MEDICAL CENTER,01,2014,,,,,,,,,,,,,,,,,,,,,,,,,,,,,,,,,,,,,,,,,17.7,,,,,,,,,,,,,,,,,,,,,12.0,,0.0,41.0,5.4,,0.0,12.3,,,,,,,,,,,,,,,,,,,,,,,,,,,,,,,,,,,,,,,,,,,,,,,,,,,,,,,,,,,,,,,,,,,,,,,,,,,,,,,,,,,,,,,,,,,,,,,,,,,,,,,,,,,,,,,,,,,,,,,,,,,,,,,,,,,,,,,,,,,,,,,,,,,,,,,,,,,,,,,,,,,,,5.0,,,,5.0,,5.0,,5.0,,,,5.0,,4.0,,4.0,,,,4.0,,0.0,,4.0,,,,4.0,,3.0,,0.0,,,,2.0,,2.0,,23,18,0.0,,,,0.0,,0.0,,3.0,,,,3.0,,2.0,,0.0,,,,0.0,,0.0,,,,,,,,,,,,,,,,,,,,,,,,,,,,,,,,,,,,,,,,,,READM-30-PN,1.1188,17.7,250,56,19.8,,,,,,,,,,,,,,,,,,,,,,,,,,,,,,,,,,,,,,,,,,,,,,,,,,,,,,,,,,,,,,,,,,,,,,,,,,,,,,,,,,,,,,,,,,,,,,,,,,,,,,,,,,,,,,,,,,,,,,,,,,,,,,,,
4,010054,PARKWAY MEDICAL CENTER,04,2014,,,,,,,,,,,,,,,,,,,,,,,,,,,,,,,,,,,,,,,,,17.7,,,,,,,,,,,,,,,,,,,,,12.0,,0.0,41.0,5.4,,0.0,12.3,,,,,,,,,,,,,,,,,,,,,,,,,,,,,,,,,,,,,,,,,,,,,,,,,,,,,,,,,,,,,,,,,,,,,,,,,,,,,,,,,,,,,,,,,,,,,,,,,,,,,,,,,,,,,,,,,,,,,,,,,,,,,,,,,,,,,,,,,,,,,,,,,,,,,,,,,,,,,,,,,,,,,5.0,,,,5.0,,5.0,,5.0,,,,5.0,,4.0,,4.0,,,,4.0,,0.0,,4.0,,,,4.0,,3.0,,0.0,,,,2.0,,2.0,,23,18,0.0,,,,0.0,,0.0,,3.0,,,,3.0,,2.0,,0.0,,,,0.0,,0.0,,,,,,,,,,,,,,,,,,,,,,,,,,,,,,,,,,,,,,,,,,,,,,,,,,,,,,,,,,,,,,,,,,,,,,,,,,,,,,,,,,,,,,,,,,,,,,,,,,,,,,,,,,,,,,,,,,,,,,,,,,,,,,,,,,,,,,,,,,,,,,,,,,,,,,,,,,,,,,,,,,,,,,,,,,,,,,,
5,010054,DECATUR MORGAN HOSPITAL-PARKWAY CAMPUS,04,2014,,,,,,,,,,,,,,,,,,,,,,,,,,,,,,,,,,,,,,,,,,,,,,,,,,,,,,,,,,,,,,,,,,,,,,,,,,,,,,,,,,,,,,,,,,,,,,,,,,,,,,,,,,,,,,,,,,,,,,,,,,,,,,,,,,,,,,,,,,,,,,,,,,,,,,,,,,,,,,,,,,,,,,,,,,,,,,,,,,,,,,,,,,,,,,,,,,,,,,,,,,,,,,,,,,,,,,,,,,,,,,,,,,,,,,,,,,,,,,,,,,,,,,,,,,,,,,,,,,,,,,,,,,,,,,,,,,,,,,,,,,,,,,,,,,,,,,,,,,,,,,,,,,,,,,,,,,,,,,,,,,,,,,,,,,,,,,,,,,,,READM-30-PN,1.1188,17.7,250,56,19.8,,,,,,,,,,,,,,,,,,,,,,,,,,,,,,,,,,,,,,,,,,,,,,,,,,,,,,,,,,,,,,,,,,,,,,,,,,,,,,,,,,,,,,,,,,,,,,,,,,,,,,,,,,,,,,,,,,,,,,,,,,,,,,,,
6,010054,DECATUR MORGAN HOSPITAL-PARKWAY CAMPUS,07,2014,,67.0,,0.0,0.127,,,,,,0.0,0.984,,492.0,,,,0.0,0.164,,4581.0,,0.0,0.0,2.058,,4581.0,1.792,8.0,0.0,0.278,,,,,5.0,0.0,0.084,,,,,,,,,,,,,,,,,,,,,,,,,,,,,,,,,,,,,,,,,,,,,,,,,,,,,,,,,,,,,,,,,,,,,,,,,,,,,,,,,,,,,,,,,,,,,,,,,,,,,,,,,,,,,,,,,,,,,,,,,,,,,,,,,,,,,,,,,,,,,,,,,,,,,,,,,,,,,,,,,,,,,,,,,,,,,,,,,,,,,,,,,,,,,,,,,,,,,,,,,,,,,,,,,,,,,,,,,,,,,,,,,,,,,,,,,,,,,,,,,,,,,,,,,,,,,,,,,,,,,,Thorax CT Use of Contrast Material,0.0,,,,,,,,16.0,,,,,,,11.2,25.1,,,,,,,,12.8,19.9,,,,,,,,5.3,,,Warfarin therapy discharge instructions,Not Available,Not Available,READM-30-PN,1.1188,17.7,250,56,19.8,,,,,,,,,,,,,,,,,,,,,,Between 100 and 299,23,,,,,,,,,,,,69.0,7.0,24.0,,,,,,,,,,74.0,8.0,18.0,,,,,,,,,,63.0,14.0,23.0,,,,,,,54.0,29.0,17.0,,,,,,,24.0,76.0,,,,,,,,,,,,,,,,,72.0,9.0,19.0,65.0,13.0,22.0,15.0,28.0,57.0,11.0,57.0,32.0,60.0,12.0,28.0,,,,,,,,,,,,,,,,,,,
7,010054,DECATUR MORGAN HOSPITAL-PARKWAY CAMPUS,07,2014,,67.0,,0.0,0.127,,,,,,0.0,0.984,,492.0,,,,0.0,0.164,,4581.0,,0.0,0.0,2.058,,4581.0,1.792,8.0,0.0,0.278,,,,,5.0,0.0,0.084,,,,,,,,,,,,,,,,,,,,,,,,,,,,,,,,,,,,,,,,,,,,,,,,,,,,,,,,,,,,,,,,,,,,,,,,,,,,,,,,,,,,,,,,,,,,,,,,,,,,,,,,,,,,,,,,,,,,,,,,,,,,,,,,,,,,,,,,,,,,,,,,,,,,,,,,,,,,,,,,,,,,,,,,,,,,,,,,,,,,,,,,,,,,,,,,,,,,,,,,,,,,,,,,,,,,,,,,,,,,,,,,,,,,,,,,,,,,,,,,,,,,,,,,,,,,,,,,,,,,,,Thorax CT Use of Contrast Material,0.0,,,,,,,,,1.72,,,,,,,,,0.24,,,0.53,,3.54,,,,,,,0.73,,,,,,Warfarin therapy discharge instructions,Not Available,Not Available,READM-30-PN,1.1188,17.7,250,56,19.8,,,,,,,,,,,,,,,,,,,,,,Between 100 and 299,23,,,,,,,,,,,,69.0,7.0,24.0,,,,,,,,,,74.0,8.0,18.0,,,,,,,,,,63.0,14.0,23.0,,,,,,,54.0,29.0,17.0,,,,,,,24.0,76.0,,,,,,,,,,,,,,,,,72.0,9.0,19.0,65.0,13.0,22.0,15.0,28.0,57.0,11.0,57.0,32.0,60.0,12.0,28.0,,,,,,,,,,,,,,,,,,,
8,010054,DECATUR MORGAN HOSPITAL-PARKWAY CAMPUS,07,2014,,67.0,,0.0,0.127,,,,,,0.0,0.984,,492.0,,,,0.0,0.164,,4581.0,,0.0,0.0,2.058,,4581.0,1.792,8.0,0.0,0.278,,,,,5.0,0.0,0.084,,,,,,,,,,,,,,,,,,,,,,,,,,,,,,,,,,,,,,,,,,,,,,,,,,,,,,,,,,,,,,,,,,,,,,,,,,,,,,,,,,,,,,,,,,,,,,,,,,,,,,,,,,,,,,,,,,,,,,,,,,,,,,,,,,,,,,,,,,,,,,,,,,,,,,,,,,,,,,,,,,,,,,,,,,,,,,,,,,,,,,,,,,,,,,,,,,,,,,,,,,,,,,,,,,,,,,,,,,,,,,,,,,,,,,,,,,,,,,,,,,,,,,,,,,,,,,,,,,,,,,Thorax CT Use of Contrast Material,0.0,,,,,,,,,,,,,,,,,16.3,,,,,,,,,,,,,,,,,,,Warfarin therapy discharge instructions,Not Available,Not Available,READM-30-PN,1.1188,17.7,250,56,19.8,,,,,,,,,,,,,,,,,,,,,,Between 100 and 299,23,,,,,,,,,,,,69.0,7.0,24.0,,,,,,,,,,74.0,8.0,18.0,,,,,,,,,,63.0,14.0,23.0,,,,,,,54.0,29.0,17.0,,,,,,,24.0,76.0,,,,,,,,,,,,,,,,,72.0,9.0,19.0,65.0,13.0,22.0,15.0,28.0,57.0,11.0,57.0,32.0,60.0,12.0,28.0,,,,,,,,,,,,,,,,,,,
9,010054,DECATUR MORGAN HOSPITAL-PARKWAY CAMPUS,07,2014,,67.0,,0.0,0.127,,,,,,0.0,0.984,,492.0,,,,0.0,0.164,,4581.0,,0.0,0.0,2.058,,4581.0,1.792,8.0,0.0,0.278,,,,,5.0,0.0,0.084,,,,,,,,,,,,,,,,,,,,,,,,,,,,,,,,,,,,,,,,,,,,,,,,,,,,,,,,,,,,,,,,,,,,,,,,,,,,,,,,,,,,,,,,,,,,,,,,,,,,,,,,,,,,,,,,,,,,,,,,,,,,,,,,,,,,,,,,,,,,,,,,,,,,,,,,,,,,,,,,,,,,,,,,,,,,,,,,,,,,,,,,,,,,,,,,,,,,,,,,,,,,,,,,,,,,,,,,,,,,,,,,,,,,,,,,,,,,,,,,,,,,,,,,,,,,,,,,,,,,,,Thorax CT Use of Contrast Material,0.0,,,,,,,,,,,,,,,,,,,,,,,,,,,,,,,,3.0,,,,Warfarin therapy discharge instructions,Not Available,Not Available,READM-30-PN,1.1188,17.7,250,56,19.8,,,,,,,,,,,,,,,,,,,,,,Between 100 and 299,23,,,,,,,,,,,,69.0,7.0,24.0,,,,,,,,,,74.0,8.0,18.0,,,,,,,,,,63.0,14.0,23.0,,,,,,,54.0,29.0,17.0,,,,,,,24.0,76.0,,,,,,,,,,,,,,,,,72.0,9.0,19.0,65.0,13.0,22.0,15.0,28.0,57.0,11.0,57.0,32.0,60.0,12.0,28.0,,,,,,,,,,,,,,,,,,,
10,010054,PARKWAY MEDICAL CENTER,07,2014,,,,,,,,,,,,,,,,,,,,,,,,,,,,,,,,,,,,,,,,,17.7,,,,,,,,,,,,,,,,,,,,,12.0,,0.0,41.0,5.4,,0.0,12.3,,,,,,,,0.0,,,,,0.0,0.8416,,,,,,,,,,,,,,,0.0,,,,0.0,0.0,0.8777,0.0,,,,0.0,0.0,0.8671,,,,,,,,,,,,,,,,,,,,,,,,,,,,,,,,,,,,,,,,,,,,,,,,,,,,,,,,,,,,,,,,,,,,,,,,,,,,,,,,,,,,,,,,,,,,,,,,,,,,,,,,,,,,,,,,,,,,,,,,,,,5.0,,,,5.0,,5.0,,5.0,,,,5.0,,4.0,,4.0,,,,4.0,,0.0,,4.0,,,,4.0,,3.0,,0.0,,,,2.0,,2.0,,23,18,0.0,,,,0.0,,0.0,,3.0,,,,3.0,,2.0,,0.0,,,,0.0,,0.0,,,,,,,,,,,,,,,,,,,,,,,,,,,,,,,,,,,,,,,,,,,,,,,,,,,,,,,,,,,,,,,,,,,,,,,,,,,,,,,,,,,,,,,,,,,,,,,,,,,,,,,,,,,,,,,,,,,,,,,,,,,,,,,,,,,,,,,,,,,,,,,,,,,,,,,,,,,,,,,,,,,,,,,,,,,,,,,
11,010054,DECATUR MORGAN HOSPITAL-PARKWAY CAMPUS,10,2014,,67.0,,0.0,0.127,,,,,,0.0,0.984,,492.0,,,,0.0,0.164,,4581.0,,0.0,0.0,2.058,,4581.0,1.792,8.0,0.0,0.278,,,,,5.0,0.0,0.084,,,,,,,,,,,,,,,,,,,,,,,,,,,,,,,,,,,,,,,,,,,,,,,,,,,,,,,,,,,,,,,,,,,,,,,,,,,,,,,,,,,,,,,,,,,,,,,,,,,,,,,,,,,,,,,,,,,,,,,,,,,,,,,,,,,,,,,,,,,,,,,,,,,,,,,,,,,,,,,,,,,,,,,,,,,,,,,,,,,,,,,,,,,,,,,,,,,,,,,,,,,,,,,,,,,,,,,,,,,,,,,,,,,,,,,,,,,,,,,,,,,,,,,,,,,,,,,,,,,,,,Thorax CT Use of Contrast Material,0.0,,,,,,,,16.0,,,,,,,11.2,25.1,,,,,,,,12.8,19.9,,,,,,,,5.3,,,Warfarin therapy discharge instructions,Not Available,Not Available,READM-30-PN,1.1188,17.7,250,56,19.8,,,,,,,,,,,,,,,,,,,,,,Between 100 and 299,23,,,,,,,,,,,,69.0,7.0,24.0,,,,,,,,,,74.0,8.0,18.0,,,,,,,,,,63.0,14.0,23.0,,,,,,,54.0,29.0,17.0,,,,,,,24.0,76.0,,,,,,,,,,,,,,,,,72.0,9.0,19.0,65.0,13.0,22.0,15.0,28.0,57.0,11.0,57.0,32.0,60.0,12.0,28.0,,,,,,,,,,,,,,,,,,,
12,010054,DECATUR MORGAN HOSPITAL-PARKWAY CAMPUS,10,2014,,67.0,,0.0,0.127,,,,,,0.0,0.984,,492.0,,,,0.0,0.164,,4581.0,,0.0,0.0,2.058,,4581.0,1.792,8.0,0.0,0.278,,,,,5.0,0.0,0.084,,,,,,,,,,,,,,,,,,,,,,,,,,,,,,,,,,,,,,,,,,,,,,,,,,,,,,,,,,,,,,,,,,,,,,,,,,,,,,,,,,,,,,,,,,,,,,,,,,,,,,,,,,,,,,,,,,,,,,,,,,,,,,,,,,,,,,,,,,,,,,,,,,,,,,,,,,,,,,,,,,,,,,,,,,,,,,,,,,,,,,,,,,,,,,,,,,,,,,,,,,,,,,,,,,,,,,,,,,,,,,,,,,,,,,,,,,,,,,,,,,,,,,,,,,,,,,,,,,,,,,Thorax CT Use of Contrast Material,0.0,,,,,,,,,1.72,,,,,,,,,0.24,,,0.53,,3.54,,,,,,,0.73,,,,,,Warfarin therapy discharge instructions,Not Available,Not Available,READM-30-PN,1.1188,17.7,250,56,19.8,,,,,,,,,,,,,,,,,,,,,,Between 100 and 299,23,,,,,,,,,,,,69.0,7.0,24.0,,,,,,,,,,74.0,8.0,18.0,,,,,,,,,,63.0,14.0,23.0,,,,,,,54.0,29.0,17.0,,,,,,,24.0,76.0,,,,,,,,,,,,,,,,,72.0,9.0,19.0,65.0,13.0,22.0,15.0,28.0,57.0,11.0,57.0,32.0,60.0,12.0,28.0,,,,,,,,,,,,,,,,,,,
13,010054,DECATUR MORGAN HOSPITAL-PARKWAY CAMPUS,10,2014,,67.0,,0.0,0.127,,,,,,0.0,0.984,,492.0,,,,0.0,0.164,,4581.0,,0.0,0.0,2.058,,4581.0,1.792,8.0,0.0,0.278,,,,,5.0,0.0,0.084,,,,,,,,,,,,,,,,,,,,,,,,,,,,,,,,,,,,,,,,,,,,,,,,,,,,,,,,,,,,,,,,,,,,,,,,,,,,,,,,,,,,,,,,,,,,,,,,,,,,,,,,,,,,,,,,,,,,,,,,,,,,,,,,,,,,,,,,,,,,,,,,,,,,,,,,,,,,,,,,,,,,,,,,,,,,,,,,,,,,,,,,,,,,,,,,,,,,,,,,,,,,,,,,,,,,,,,,,,,,,,,,,,,,,,,,,,,,,,,,,,,,,,,,,,,,,,,,,,,,,,Thorax CT Use of Contrast Material,0.0,,,,,,,,,,,,,,,,,16.3,,,,,,,,,,,,,,,,,,,Warfarin therapy discharge instructions,Not Available,Not Available,READM-30-PN,1.1188,17.7,250,56,19.8,,,,,,,,,,,,,,,,,,,,,,Between 100 and 299,23,,,,,,,,,,,,69.0,7.0,24.0,,,,,,,,,,74.0,8.0,18.0,,,,,,,,,,63.0,14.0,23.0,,,,,,,54.0,29.0,17.0,,,,,,,24.0,76.0,,,,,,,,,,,,,,,,,72.0,9.0,19.0,65.0,13.0,22.0,15.0,28.0,57.0,11.0,57.0,32.0,60.0,12.0,28.0,,,,,,,,,,,,,,,,,,,
14,010054,DECATUR MORGAN HOSPITAL-PARKWAY CAMPUS,10,2014,,67.0,,0.0,0.127,,,,,,0.0,0.984,,492.0,,,,0.0,0.164,,4581.0,,0.0,0.0,2.058,,4581.0,1.792,8.0,0.0,0.278,,,,,5.0,0.0,0.084,,,,,,,,,,,,,,,,,,,,,,,,,,,,,,,,,,,,,,,,,,,,,,,,,,,,,,,,,,,,,,,,,,,,,,,,,,,,,,,,,,,,,,,,,,,,,,,,,,,,,,,,,,,,,,,,,,,,,,,,,,,,,,,,,,,,,,,,,,,,,,,,,,,,,,,,,,,,,,,,,,,,,,,,,,,,,,,,,,,,,,,,,,,,,,,,,,,,,,,,,,,,,,,,,,,,,,,,,,,,,,,,,,,,,,,,,,,,,,,,,,,,,,,,,,,,,,,,,,,,,,Thorax CT Use of Contrast Material,0.0,,,,,,,,,,,,,,,,,,,,,,,,,,,,,,,,3.0,,,,Warfarin therapy discharge instructions,Not Available,Not Available,READM-30-PN,1.1188,17.7,250,56,19.8,,,,,,,,,,,,,,,,,,,,,,Between 100 and 299,23,,,,,,,,,,,,69.0,7.0,24.0,,,,,,,,,,74.0,8.0,18.0,,,,,,,,,,63.0,14.0,23.0,,,,,,,54.0,29.0,17.0,,,,,,,24.0,76.0,,,,,,,,,,,,,,,,,72.0,9.0,19.0,65.0,13.0,22.0,15.0,28.0,57.0,11.0,57.0,32.0,60.0,12.0,28.0,,,,,,,,,,,,,,,,,,,
15,010054,PARKWAY MEDICAL CENTER,10,2014,,,,,,,,,,,,,,,,,,,,,,,,,,,,,,,,,,,,,,,,,17.7,,,,,,,,,,,,,,,,,,,,,12.0,,0.0,41.0,5.4,,0.0,12.3,,,,,,,,0.0,,,,,0.0,0.8416,,,,,,,,,,,,,,,0.0,,,,0.0,0.0,0.8777,0.0,,,,0.0,0.0,0.8671,,,,,,,,,,,,,,,,,,,,,,,,,,,,,,,,,,,,,,,,,,,,,,,,,,,,,,,,,,,,,,,,,,,,,,,,,,,,,,,,,,,,,,,,,,,,,,,,,,,,,,,,,,,,,,,,,,,,,,,,,,,5.0,,,,5.0,,5.0,,5.0,,,,5.0,,4.0,,4.0,,,,4.0,,0.0,,4.0,,,,4.0,,3.0,,0.0,,,,2.0,,2.0,,23,18,0.0,,,,0.0,,0.0,,3.0,,,,3.0,,2.0,,0.0,,,,0.0,,0.0,,,,,,,,,,,,,,,,,,,,,,,,,,,,,,,,,,,,,,,,,,,,,,,,,,,,,,,,,,,,,,,,,,,,,,,,,,,,,,,,,,,,,,,,,,,,,,,,,,,,,,,,,,,,,,,,,,,,,,,,,,,,,,,,,,,,,,,,,,,,,,,,,,,,,,,,,,,,,,,,,,,,,,,,,,,,,,,
16,010054,DECATUR MORGAN HOSPITAL-PARKWAY CAMPUS,12,2014,,50.0,,0.0,0.094,,,,,,0.0,0.806,,403.0,,,,0.0,0.213,,5928.0,,0.362,1.0,2.762,0.009,5928.0,2.017,5.0,0.0,0.173,,,,,,,,,,30.375,,,,,,,,,,,,,,,,,,,,,Not Available,30.000000000000,40.000000000000,21.000000000000,Not Available,07.500000000000,15.000000000000,07.875000000000,,,,,,,,,,,,,,0.85907,,,,,,,,,,,,,,,2.0,,,,0.0,2.0,0.88376,0.0,,,,0.0,0.0,0.86981,,,,,,,,,,,,,,,,,,10.0,9.0,10.0,0.44205,Not Available,3.0,,,,2.0,3.0,0.94063,,,,,,,,,,,,,,,,,,,,,,,,,,,,,,,,,,,,,,,,,,,,,,,,,,,,,,,,,,,,,,,,,,,,,,,,,,,,,,,,,,,,,,,,,,,,,,3.0,,,,3.0,,1.0,,0.0,,,,0.0,,0.0,,0.0,,,,0.0,,0.0,,0.0,,,,0.0,,0.0,,0.0,,,,0.0,,0.0,,6,15,0.0,,,,0.0,,0.0,,3.0,,,,3.0,,1.0,,0.0,,,,0.0,,0.0,,Thorax CT Use of Contrast Material,0.0,,,,,,,,16.0,,,,,7.4,16.0,12.1,23.8,,,,,,,,13.2,18.0,,,,,,,,4.9,22.2,14.1,Warfarin therapy discharge instructions,Not Available,Not Available,READM-30-PN,1.0336,16.4,225,40,16.9,,,,,,,,,,,,,,,,,,,,,,Between 100 and 299,21,,,,,,,,,,,,74.0,5.0,21.0,,,,,,,,,,79.0,5.0,16.0,,,,,,,,,,67.0,11.0,22.0,,,,,,,60.0,24.0,16.0,,,,,,,22.0,78.0,,,,,53.0,10.0,37.0,,,,,,,,,,71.0,7.0,22.0,66.0,9.0,25.0,10.0,26.0,64.0,8.0,65.0,27.0,65.0,7.0,28.0,,,,,,,,,,,,,,,,,,,
17,010054,DECATUR MORGAN HOSPITAL-PARKWAY CAMPUS,12,2014,,50.0,,0.0,0.094,,,,,,0.0,0.806,,403.0,,,,0.0,0.213,,5928.0,,0.362,1.0,2.762,0.009,5928.0,2.017,5.0,0.0,0.173,,,,,,,,,,30.375,,,,,,,,,,,,,,,,,,,,,Not Available,30.000000000000,40.000000000000,21.000000000000,Not Available,07.500000000000,15.000000000000,07.875000000000,,,,,,,,,,,,,,0.85907,,,,,,,,,,,,,,,2.0,,,,0.0,2.0,0.88376,0.0,,,,0.0,0.0,0.86981,,,,,,,,,,,,,,,,,,10.0,9.0,10.0,0.44205,Not Available,3.0,,,,2.0,3.0,0.94063,,,,,,,,,,,,,,,,,,,,,,,,,,,,,,,,,,,,,,,,,,,,,,,,,,,,,,,,,,,,,,,,,,,,,,,,,,,,,,,,,,,,,,,,,,,,,,3.0,,,,3.0,,1.0,,0.0,,,,0.0,,0.0,,0.0,,,,0.0,,0.0,,0.0,,,,0.0,,0.0,,0.0,,,,0.0,,0.0,,6,15,0.0,,,,0.0,,0.0,,3.0,,,,3.0,,1.0,,0.0,,,,0.0,,0.0,,Thorax CT Use of Contrast Material,0.0,,,,,,,,,1.55,,,,,,,,,0.37,,,0.72,,4.1,,,,,,,1.83,,,,,,Warfarin therapy discharge instructions,Not Available,Not Available,READM-30-PN,1.0336,16.4,225,40,16.9,,,,,,,,,,,,,,,,,,,,,,Between 100 and 299,21,,,,,,,,,,,,74.0,5.0,21.0,,,,,,,,,,79.0,5.0,16.0,,,,,,,,,,67.0,11.0,22.0,,,,,,,60.0,24.0,16.0,,,,,,,22.0,78.0,,,,,53.0,10.0,37.0,,,,,,,,,,71.0,7.0,22.0,66.0,9.0,25.0,10.0,26.0,64.0,8.0,65.0,27.0,65.0,7.0,28.0,,,,,,,,,,,,,,,,,,,
18,010054,DECATUR MORGAN HOSPITAL-PARKWAY CAMPUS,12,2014,,50.0,,0.0,0.094,,,,,,0.0,0.806,,403.0,,,,0.0,0.213,,5928.0,,0.362,1.0,2.762,0.009,5928.0,2.017,5.0,0.0,0.173,,,,,,,,,,30.375,,,,,,,,,,,,,,,,,,,,,Not Available,30.000000000000,40.000000000000,21.000000000000,Not Available,07.500000000000,15.000000000000,07.875000000000,,,,,,,,,,,,,,0.85907,,,,,,,,,,,,,,,2.0,,,,0.0,2.0,0.88376,0.0,,,,0.0,0.0,0.86981,,,,,,,,,,,,,,,,,,10.0,9.0,10.0,0.44205,Not Available,3.0,,,,2.0,3.0,0.94063,,,,,,,,,,,,,,,,,,,,,,,,,,,,,,,,,,,,,,,,,,,,,,,,,,,,,,,,,,,,,,,,,,,,,,,,,,,,,,,,,,,,,,,,,,,,,,3.0,,,,3.0,,1.0,,0.0,,,,0.0,,0.0,,0.0,,,,0.0,,0.0,,0.0,,,,0.0,,0.0,,0.0,,,,0.0,,0.0,,6,15,0.0,,,,0.0,,0.0,,3.0,,,,3.0,,1.0,,0.0,,,,0.0,,0.0,,Thorax CT Use of Contrast Material,0.0,,,,,,,,,,,,,,,,,14.7,,,,,,,,,,,,,,,,,,,Warfarin therapy discharge instructions,Not Available,Not Available,READM-30-PN,1.0336,16.4,225,40,16.9,,,,,,,,,,,,,,,,,,,,,,Between 100 and 299,21,,,,,,,,,,,,74.0,5.0,21.0,,,,,,,,,,79.0,5.0,16.0,,,,,,,,,,67.0,11.0,22.0,,,,,,,60.0,24.0,16.0,,,,,,,22.0,78.0,,,,,53.0,10.0,37.0,,,,,,,,,,71.0,7.0,22.0,66.0,9.0,25.0,10.0,26.0,64.0,8.0,65.0,27.0,65.0,7.0,28.0,,,,,,,,,,,,,,,,,,,
19,010054,DECATUR MORGAN HOSPITAL-PARKWAY CAMPUS,12,2014,,50.0,,0.0,0.094,,,,,,0.0,0.806,,403.0,,,,0.0,0.213,,5928.0,,0.362,1.0,2.762,0.009,5928.0,2.017,5.0,0.0,0.173,,,,,,,,,,30.375,,,,,,,,,,,,,,,,,,,,,Not Available,30.000000000000,40.000000000000,21.000000000000,Not Available,07.500000000000,15.000000000000,07.875000000000,,,,,,,,,,,,,,0.85907,,,,,,,,,,,,,,,2.0,,,,0.0,2.0,0.88376,0.0,,,,0.0,0.0,0.86981,,,,,,,,,,,,,,,,,,10.0,9.0,10.0,0.44205,Not Available,3.0,,,,2.0,3.0,0.94063,,,,,,,,,,,,,,,,,,,,,,,,,,,,,,,,,,,,,,,,,,,,,,,,,,,,,,,,,,,,,,,,,,,,,,,,,,,,,,,,,,,,,,,,,,,,,,3.0,,,,3.0,,1.0,,0.0,,,,0.0,,0.0,,0.0,,,,0.0,,0.0,,0.0,,,,0.0,,0.0,,0.0,,,,0.0,,0.0,,6,15,0.0,,,,0.0,,0.0,,3.0,,,,3.0,,1.0,,0.0,,,,0.0,,0.0,,Thorax CT Use of Contrast Material,0.0,,,,,,,,,,,,,,,,,,,,,,,,,,,,,,,,3.2,,,,Warfarin therapy discharge instructions,Not Available,Not Available,READM-30-PN,1.0336,16.4,225,40,16.9,,,,,,,,,,,,,,,,,,,,,,Between 100 and 299,21,,,,,,,,,,,,74.0,5.0,21.0,,,,,,,,,,79.0,5.0,16.0,,,,,,,,,,67.0,11.0,22.0,,,,,,,60.0,24.0,16.0,,,,,,,22.0,78.0,,,,,53.0,10.0,37.0,,,,,,,,,,71.0,7.0,22.0,66.0,9.0,25.0,10.0,26.0,64.0,8.0,65.0,27.0,65.0,7.0,28.0,,,,,,,,,,,,,,,,,,,
20,010054,DECATUR MORGAN HOSPITAL - PARKWAY CAMPUS,12,2014,,,,,,,,,,,,,,,,,,,,,,,,,,,,,,,,,,,,,,,,,,,,,,,,,,,,,,,,,,,,,,,,,,,,,,,,,,,,,,,,,,,,,,,,,,,,,,,,,,,,,,,,,,,,,,,,,,,,,,,,,,,,,,,,,,,,,,,,,,,,,,,,,,,,,,,,,,,,,,,,,,,,,,,,,,,,,,,,,,,,,,,,,,,,,,,,,,,,,,,,,,,,,,,,,,,,,,,,,,,,,,,,,,,,,,,,,,,,,,,,,,,,,,,,,,,,,,,,,,,,,,,,,,,,,,,,,,,,,,,,,,,,,,,,,,,,,,,,,,,,,,,,,,,,,,,,,,,,,,,,,,,,,,,,,,,,,,,,,,,,,,,,,,3.0,,,,,,,,,,,,,,,3.0,,3.0,3.0,3.0,,,,,,,,,,,,,,,,,,,,,,,,,,,,,,,,,,,,,,,,,,,,,,,,,,,,,,,,,,,,,,,,,,,,,,,,,,,,,,,,,,,,,,,,,,,,,,,,,,,,,,,,,,,,
21,010054,DECATUR MORGAN HOSPITAL-PARKWAY CAMPUS,01,2015,,50.0,,0.0,0.094,,,,,,0.0,0.806,,403.0,,,,0.0,0.213,,5928.0,,0.362,1.0,2.762,0.009,5928.0,2.017,5.0,0.0,0.173,,,,,,,,,,30.375,,,,,,,,,,,,,,,,,,,,,Not Available,30.000000000000,40.000000000000,21.000000000000,Not Available,07.500000000000,15.000000000000,07.875000000000,,,,,,,,,,,,,,0.85907,,,,,,,,,,,,,,,2.0,,,,0.0,2.0,0.88376,0.0,,,,0.0,0.0,0.86981,,,,,,,,,,,,,,,,,,10.0,9.0,10.0,0.44205,Not Available,3.0,,,,2.0,3.0,0.94063,,,,,,,,,,,,,,,,,,,,,,,,,,,,,,,,,,,,,,,,,,,,,,,,,,,,,,,,,,,,,,,,,,,,,,,,,,,,,,,,,,,,,,,,,,,,,,3.0,,,,3.0,,1.0,,0.0,,,,0.0,,0.0,,0.0,,,,0.0,,0.0,,0.0,,,,0.0,,0.0,,0.0,,,,0.0,,0.0,,6,15,0.0,,,,0.0,,0.0,,3.0,,,,3.0,,1.0,,0.0,,,,0.0,,0.0,,Thorax CT Use of Contrast Material,0.0,,,,,,,,16.0,,,,,7.4,16.0,12.1,23.8,,,,,,,,13.2,18.0,,,,,,,,4.9,22.2,14.1,Warfarin therapy discharge instructions,Not Available,Not Available,READM-30-PN,1.0336,16.4,225,40,16.9,,,,,,,,,,,,,,,,,,,,,,Between 100 and 299,21,,,,,,,,,,,,74.0,5.0,21.0,,,,,,,,,,79.0,5.0,16.0,,,,,,,,,,67.0,11.0,22.0,,,,,,,60.0,24.0,16.0,,,,,,,22.0,78.0,,,,,53.0,10.0,37.0,,,,,,,,,,71.0,7.0,22.0,66.0,9.0,25.0,10.0,26.0,64.0,8.0,65.0,27.0,65.0,7.0,28.0,,,,,,,,,,,,,,,,,,,
22,010054,DECATUR MORGAN HOSPITAL-PARKWAY CAMPUS,01,2015,,50.0,,0.0,0.094,,,,,,0.0,0.806,,403.0,,,,0.0,0.213,,5928.0,,0.362,1.0,2.762,0.009,5928.0,2.017,5.0,0.0,0.173,,,,,,,,,,30.375,,,,,,,,,,,,,,,,,,,,,Not Available,30.000000000000,40.000000000000,21.000000000000,Not Available,07.500000000000,15.000000000000,07.875000000000,,,,,,,,,,,,,,0.85907,,,,,,,,,,,,,,,2.0,,,,0.0,2.0,0.88376,0.0,,,,0.0,0.0,0.86981,,,,,,,,,,,,,,,,,,10.0,9.0,10.0,0.44205,Not Available,3.0,,,,2.0,3.0,0.94063,,,,,,,,,,,,,,,,,,,,,,,,,,,,,,,,,,,,,,,,,,,,,,,,,,,,,,,,,,,,,,,,,,,,,,,,,,,,,,,,,,,,,,,,,,,,,,3.0,,,,3.0,,1.0,,0.0,,,,0.0,,0.0,,0.0,,,,0.0,,0.0,,0.0,,,,0.0,,0.0,,0.0,,,,0.0,,0.0,,6,15,0.0,,,,0.0,,0.0,,3.0,,,,3.0,,1.0,,0.0,,,,0.0,,0.0,,Thorax CT Use of Contrast Material,0.0,,,,,,,,,1.55,,,,,,,,,0.37,,,0.72,,4.1,,,,,,,1.83,,,,,,Warfarin therapy discharge instructions,Not Available,Not Available,READM-30-PN,1.0336,16.4,225,40,16.9,,,,,,,,,,,,,,,,,,,,,,Between 100 and 299,21,,,,,,,,,,,,74.0,5.0,21.0,,,,,,,,,,79.0,5.0,16.0,,,,,,,,,,67.0,11.0,22.0,,,,,,,60.0,24.0,16.0,,,,,,,22.0,78.0,,,,,53.0,10.0,37.0,,,,,,,,,,71.0,7.0,22.0,66.0,9.0,25.0,10.0,26.0,64.0,8.0,65.0,27.0,65.0,7.0,28.0,,,,,,,,,,,,,,,,,,,
23,010054,DECATUR MORGAN HOSPITAL-PARKWAY CAMPUS,01,2015,,50.0,,0.0,0.094,,,,,,0.0,0.806,,403.0,,,,0.0,0.213,,5928.0,,0.362,1.0,2.762,0.009,5928.0,2.017,5.0,0.0,0.173,,,,,,,,,,30.375,,,,,,,,,,,,,,,,,,,,,Not Available,30.000000000000,40.000000000000,21.000000000000,Not Available,07.500000000000,15.000000000000,07.875000000000,,,,,,,,,,,,,,0.85907,,,,,,,,,,,,,,,2.0,,,,0.0,2.0,0.88376,0.0,,,,0.0,0.0,0.86981,,,,,,,,,,,,,,,,,,10.0,9.0,10.0,0.44205,Not Available,3.0,,,,2.0,3.0,0.94063,,,,,,,,,,,,,,,,,,,,,,,,,,,,,,,,,,,,,,,,,,,,,,,,,,,,,,,,,,,,,,,,,,,,,,,,,,,,,,,,,,,,,,,,,,,,,,3.0,,,,3.0,,1.0,,0.0,,,,0.0,,0.0,,0.0,,,,0.0,,0.0,,0.0,,,,0.0,,0.0,,0.0,,,,0.0,,0.0,,6,15,0.0,,,,0.0,,0.0,,3.0,,,,3.0,,1.0,,0.0,,,,0.0,,0.0,,Thorax CT Use of Contrast Material,0.0,,,,,,,,,,,,,,,,,14.7,,,,,,,,,,,,,,,,,,,Warfarin therapy discharge instructions,Not Available,Not Available,READM-30-PN,1.0336,16.4,225,40,16.9,,,,,,,,,,,,,,,,,,,,,,Between 100 and 299,21,,,,,,,,,,,,74.0,5.0,21.0,,,,,,,,,,79.0,5.0,16.0,,,,,,,,,,67.0,11.0,22.0,,,,,,,60.0,24.0,16.0,,,,,,,22.0,78.0,,,,,53.0,10.0,37.0,,,,,,,,,,71.0,7.0,22.0,66.0,9.0,25.0,10.0,26.0,64.0,8.0,65.0,27.0,65.0,7.0,28.0,,,,,,,,,,,,,,,,,,,
24,010054,DECATUR MORGAN HOSPITAL-PARKWAY CAMPUS,01,2015,,50.0,,0.0,0.094,,,,,,0.0,0.806,,403.0,,,,0.0,0.213,,5928.0,,0.362,1.0,2.762,0.009,5928.0,2.017,5.0,0.0,0.173,,,,,,,,,,30.375,,,,,,,,,,,,,,,,,,,,,Not Available,30.000000000000,40.000000000000,21.000000000000,Not Available,07.500000000000,15.000000000000,07.875000000000,,,,,,,,,,,,,,0.85907,,,,,,,,,,,,,,,2.0,,,,0.0,2.0,0.88376,0.0,,,,0.0,0.0,0.86981,,,,,,,,,,,,,,,,,,10.0,9.0,10.0,0.44205,Not Available,3.0,,,,2.0,3.0,0.94063,,,,,,,,,,,,,,,,,,,,,,,,,,,,,,,,,,,,,,,,,,,,,,,,,,,,,,,,,,,,,,,,,,,,,,,,,,,,,,,,,,,,,,,,,,,,,,3.0,,,,3.0,,1.0,,0.0,,,,0.0,,0.0,,0.0,,,,0.0,,0.0,,0.0,,,,0.0,,0.0,,0.0,,,,0.0,,0.0,,6,15,0.0,,,,0.0,,0.0,,3.0,,,,3.0,,1.0,,0.0,,,,0.0,,0.0,,Thorax CT Use of Contrast Material,0.0,,,,,,,,,,,,,,,,,,,,,,,,,,,,,,,,3.2,,,,Warfarin therapy discharge instructions,Not Available,Not Available,READM-30-PN,1.0336,16.4,225,40,16.9,,,,,,,,,,,,,,,,,,,,,,Between 100 and 299,21,,,,,,,,,,,,74.0,5.0,21.0,,,,,,,,,,79.0,5.0,16.0,,,,,,,,,,67.0,11.0,22.0,,,,,,,60.0,24.0,16.0,,,,,,,22.0,78.0,,,,,53.0,10.0,37.0,,,,,,,,,,71.0,7.0,22.0,66.0,9.0,25.0,10.0,26.0,64.0,8.0,65.0,27.0,65.0,7.0,28.0,,,,,,,,,,,,,,,,,,,
25,010054,DECATUR MORGAN HOSPITAL - PARKWAY CAMPUS,01,2015,,,,,,,,,,,,,,,,,,,,,,,,,,,,,,,,,,,,,,,,,,,,,,,,,,,,,,,,,,,,,,,,,,,,,,,,,,,,,,,,,,,,,,,,,,,,,,,,,,,,,,,,,,,,,,,,,,,,,,,,,,,,,,,,,,,,,,,,,,,,,,,,,,,,,,,,,,,,,,,,,,,,,,,,,,,,,,,,,,,,,,,,,,,,,,,,,,,,,,,,,,,,,,,,,,,,,,,,,,,,,,,,,,,,,,,,,,,,,,,,,,,,,,,,,,,,,,,,,,,,,,,,,,,,,,,,,,,,,,,,,,,,,,,,,,,,,,,,,,,,,,,,,,,,,,,,,,,,,,,,,,,,,,,,,,,,,,,,,,,,,,,,,,3.0,,,,,,,,,,,,,,,3.0,,3.0,3.0,3.0,,,,,,,,,,,,,,,,,,,,,,,,,,,,,,,,,,,,,,,,,,,,,,,,,,,,,,,,,,,,,,,,,,,,,,,,,,,,,,,,,,,,,,,,,,,,,,,,,,,,,,,,,,,,
26,010054,DECATUR MORGAN HOSPITAL-PARKWAY CAMPUS,04,2015,,,,,,,,,,,,,,,,,,0.0,0.138,,3863.0,,0.537,1.0,1.861,0.027,3863.0,2.651,,,,,,,,,,,,,30.375,,,,,,,,,,,,,,,,,,,,,Not Available,30.000000000000,40.000000000000,21.000000000000,Not Available,07.500000000000,15.000000000000,07.875000000000,,,,,,,,,,,,,,0.859066,,,,,,,,,,,,,,,2.0,,,,0.0,2.0,0.883762,0.0,,,,0.0,0.0,0.869807,,,,,Not Available,,,,,,,,,,,,,10.0,9.0,10.0,0.442053,,3.0,,,,2.0,3.0,0.940634,,,,,,,,,,,,,,,,,,,,,,,,,,,,,,,,,,,,,,,,,,,,,,,,,,,,,,,,,,,,,,,,,,,,,,,,,,,,,,,,,,,,,,,,,,,,,,3.0,,,,3.0,,1.0,,0.0,,,,0.0,,0.0,,0.0,,,,0.0,,0.0,,0.0,,,,0.0,,0.0,,0.0,,,,0.0,,0.0,,6,15,0.0,,,,0.0,,0.0,,3.0,,,,3.0,,1.0,,0.0,,,,0.0,,0.0,,Thorax CT Use of Contrast Material,0.0,,,,,,,,16.0,,,,,7.4,16.0,12.1,23.8,,,,,,,,13.2,18.0,,,,,,,,4.9,22.2,14.1,Warfarin therapy discharge instructions,Not Available,Not Available,READM-30-PN,1.0336,16.4,225,40,16.9,3.0,,,,,,,,,,,,,,,3.0,,3.0,3.0,3.0,,Not Available,Not Available,,,,,,,,,,,,,,,,,,,,,,,,,,,,,,,,,,,,,,,,,,,,,,,,,,,,,,,,,,,,,,,,,,,,,,,,,,,,,,,,,,,,,,,,,,,,,,,,,,,,,,,,,
27,010054,DECATUR MORGAN HOSPITAL-PARKWAY CAMPUS,04,2015,,,,,,,,,,,,,,,,,,0.0,0.138,,3863.0,,0.537,1.0,1.861,0.027,3863.0,2.651,,,,,,,,,,,,,30.375,,,,,,,,,,,,,,,,,,,,,Not Available,30.000000000000,40.000000000000,21.000000000000,Not Available,07.500000000000,15.000000000000,07.875000000000,,,,,,,,,,,,,,0.859066,,,,,,,,,,,,,,,2.0,,,,0.0,2.0,0.883762,0.0,,,,0.0,0.0,0.869807,,,,,Not Available,,,,,,,,,,,,,10.0,9.0,10.0,0.442053,,3.0,,,,2.0,3.0,0.940634,,,,,,,,,,,,,,,,,,,,,,,,,,,,,,,,,,,,,,,,,,,,,,,,,,,,,,,,,,,,,,,,,,,,,,,,,,,,,,,,,,,,,,,,,,,,,,3.0,,,,3.0,,1.0,,0.0,,,,0.0,,0.0,,0.0,,,,0.0,,0.0,,0.0,,,,0.0,,0.0,,0.0,,,,0.0,,0.0,,6,15,0.0,,,,0.0,,0.0,,3.0,,,,3.0,,1.0,,0.0,,,,0.0,,0.0,,Thorax CT Use of Contrast Material,0.0,,,,,,,,,1.55,,,,,,,,,0.37,,,0.72,,4.1,,,,,,,1.83,,,,,,Warfarin therapy discharge instructions,Not Available,Not Available,READM-30-PN,1.0336,16.4,225,40,16.9,3.0,,,,,,,,,,,,,,,3.0,,3.0,3.0,3.0,,Not Available,Not Available,,,,,,,,,,,,,,,,,,,,,,,,,,,,,,,,,,,,,,,,,,,,,,,,,,,,,,,,,,,,,,,,,,,,,,,,,,,,,,,,,,,,,,,,,,,,,,,,,,,,,,,,,
28,010054,DECATUR MORGAN HOSPITAL-PARKWAY CAMPUS,04,2015,,,,,,,,,,,,,,,,,,0.0,0.138,,3863.0,,0.537,1.0,1.861,0.027,3863.0,2.651,,,,,,,,,,,,,30.375,,,,,,,,,,,,,,,,,,,,,Not Available,30.000000000000,40.000000000000,21.000000000000,Not Available,07.500000000000,15.000000000000,07.875000000000,,,,,,,,,,,,,,0.859066,,,,,,,,,,,,,,,2.0,,,,0.0,2.0,0.883762,0.0,,,,0.0,0.0,0.869807,,,,,Not Available,,,,,,,,,,,,,10.0,9.0,10.0,0.442053,,3.0,,,,2.0,3.0,0.940634,,,,,,,,,,,,,,,,,,,,,,,,,,,,,,,,,,,,,,,,,,,,,,,,,,,,,,,,,,,,,,,,,,,,,,,,,,,,,,,,,,,,,,,,,,,,,,3.0,,,,3.0,,1.0,,0.0,,,,0.0,,0.0,,0.0,,,,0.0,,0.0,,0.0,,,,0.0,,0.0,,0.0,,,,0.0,,0.0,,6,15,0.0,,,,0.0,,0.0,,3.0,,,,3.0,,1.0,,0.0,,,,0.0,,0.0,,Thorax CT Use of Contrast Material,0.0,,,,,,,,,,,,,,,,,14.7,,,,,,,,,,,,,,,,,,,Warfarin therapy discharge instructions,Not Available,Not Available,READM-30-PN,1.0336,16.4,225,40,16.9,3.0,,,,,,,,,,,,,,,3.0,,3.0,3.0,3.0,,Not Available,Not Available,,,,,,,,,,,,,,,,,,,,,,,,,,,,,,,,,,,,,,,,,,,,,,,,,,,,,,,,,,,,,,,,,,,,,,,,,,,,,,,,,,,,,,,,,,,,,,,,,,,,,,,,,
29,010054,DECATUR MORGAN HOSPITAL-PARKWAY CAMPUS,04,2015,,,,,,,,,,,,,,,,,,0.0,0.138,,3863.0,,0.537,1.0,1.861,0.027,3863.0,2.651,,,,,,,,,,,,,30.375,,,,,,,,,,,,,,,,,,,,,Not Available,30.000000000000,40.000000000000,21.000000000000,Not Available,07.500000000000,15.000000000000,07.875000000000,,,,,,,,,,,,,,0.859066,,,,,,,,,,,,,,,2.0,,,,0.0,2.0,0.883762,0.0,,,,0.0,0.0,0.869807,,,,,Not Available,,,,,,,,,,,,,10.0,9.0,10.0,0.442053,,3.0,,,,2.0,3.0,0.940634,,,,,,,,,,,,,,,,,,,,,,,,,,,,,,,,,,,,,,,,,,,,,,,,,,,,,,,,,,,,,,,,,,,,,,,,,,,,,,,,,,,,,,,,,,,,,,3.0,,,,3.0,,1.0,,0.0,,,,0.0,,0.0,,0.0,,,,0.0,,0.0,,0.0,,,,0.0,,0.0,,0.0,,,,0.0,,0.0,,6,15,0.0,,,,0.0,,0.0,,3.0,,,,3.0,,1.0,,0.0,,,,0.0,,0.0,,Thorax CT Use of Contrast Material,0.0,,,,,,,,,,,,,,,,,,,,,,,,,,,,,,,,3.2,,,,Warfarin therapy discharge instructions,Not Available,Not Available,READM-30-PN,1.0336,16.4,225,40,16.9,3.0,,,,,,,,,,,,,,,3.0,,3.0,3.0,3.0,,Not Available,Not Available,,,,,,,,,,,,,,,,,,,,,,,,,,,,,,,,,,,,,,,,,,,,,,,,,,,,,,,,,,,,,,,,,,,,,,,,,,,,,,,,,,,,,,,,,,,,,,,,,,,,,,,,,
30,010054,DECATUR MORGAN HOSPITAL-PARKWAY CAMPUS,05,2015,,,,,,,,,,,,,,,,,,0.0,0.138,,3863.0,,0.537,1.0,1.861,0.027,3863.0,2.651,,,,,,,,,,,,,30.375,,,,,,,,,,,,,,,,,,,,,Not Available,30.000000000000,40.000000000000,21.000000000000,Not Available,07.500000000000,15.000000000000,07.875000000000,,,,,,,,,,,,,,0.859066,,,,,,,,,,,,,,,2.0,,,,0.0,2.0,0.883762,0.0,,,,0.0,0.0,0.869807,,,,,Not Available,,,,,,,,,,,,,10.0,9.0,10.0,0.442053,,3.0,,,,2.0,3.0,0.940634,,,,,,,,,,,,,,,,,,,,,,,,,,,,,,,,,,,,,,,,,,,,,,,,,,,,,,,,,,,,,,,,,,,,,,,,,,,,,,,,,,,,,,,,,,,,,,3.0,,,,3.0,,1.0,,0.0,,,,0.0,,0.0,,0.0,,,,0.0,,0.0,,0.0,,,,0.0,,0.0,,0.0,,,,0.0,,0.0,,6,15,0.0,,,,0.0,,0.0,,3.0,,,,3.0,,1.0,,0.0,,,,0.0,,0.0,,Thorax CT Use of Contrast Material,0.0,,,,,,,,16.0,,,,,7.4,16.0,12.1,23.8,,,,,,,,13.2,18.0,,,,,,,,4.9,22.2,14.1,Warfarin therapy discharge instructions,Not Available,Not Available,READM-30-PN,1.0336,16.4,225,40,16.9,3.0,,,,,,,,,,,,,,,3.0,,3.0,3.0,3.0,,Not Available,Not Available,,,,,,,,,,,,,,,,,,,,,,,,,,,,,,,,,,,,,,,,,,,,,,,,,,,,,,,,,,,,,,,,,,,,,,,,,,,,,,,,,,,,,,,,,,,,,,,,,,,,,,,,,
31,010054,DECATUR MORGAN HOSPITAL-PARKWAY CAMPUS,05,2015,,,,,,,,,,,,,,,,,,0.0,0.138,,3863.0,,0.537,1.0,1.861,0.027,3863.0,2.651,,,,,,,,,,,,,30.375,,,,,,,,,,,,,,,,,,,,,Not Available,30.000000000000,40.000000000000,21.000000000000,Not Available,07.500000000000,15.000000000000,07.875000000000,,,,,,,,,,,,,,0.859066,,,,,,,,,,,,,,,2.0,,,,0.0,2.0,0.883762,0.0,,,,0.0,0.0,0.869807,,,,,Not Available,,,,,,,,,,,,,10.0,9.0,10.0,0.442053,,3.0,,,,2.0,3.0,0.940634,,,,,,,,,,,,,,,,,,,,,,,,,,,,,,,,,,,,,,,,,,,,,,,,,,,,,,,,,,,,,,,,,,,,,,,,,,,,,,,,,,,,,,,,,,,,,,3.0,,,,3.0,,1.0,,0.0,,,,0.0,,0.0,,0.0,,,,0.0,,0.0,,0.0,,,,0.0,,0.0,,0.0,,,,0.0,,0.0,,6,15,0.0,,,,0.0,,0.0,,3.0,,,,3.0,,1.0,,0.0,,,,0.0,,0.0,,Thorax CT Use of Contrast Material,0.0,,,,,,,,,1.55,,,,,,,,,0.37,,,0.72,,4.1,,,,,,,1.83,,,,,,Warfarin therapy discharge instructions,Not Available,Not Available,READM-30-PN,1.0336,16.4,225,40,16.9,3.0,,,,,,,,,,,,,,,3.0,,3.0,3.0,3.0,,Not Available,Not Available,,,,,,,,,,,,,,,,,,,,,,,,,,,,,,,,,,,,,,,,,,,,,,,,,,,,,,,,,,,,,,,,,,,,,,,,,,,,,,,,,,,,,,,,,,,,,,,,,,,,,,,,,
32,010054,DECATUR MORGAN HOSPITAL-PARKWAY CAMPUS,05,2015,,,,,,,,,,,,,,,,,,0.0,0.138,,3863.0,,0.537,1.0,1.861,0.027,3863.0,2.651,,,,,,,,,,,,,30.375,,,,,,,,,,,,,,,,,,,,,Not Available,30.000000000000,40.000000000000,21.000000000000,Not Available,07.500000000000,15.000000000000,07.875000000000,,,,,,,,,,,,,,0.859066,,,,,,,,,,,,,,,2.0,,,,0.0,2.0,0.883762,0.0,,,,0.0,0.0,0.869807,,,,,Not Available,,,,,,,,,,,,,10.0,9.0,10.0,0.442053,,3.0,,,,2.0,3.0,0.940634,,,,,,,,,,,,,,,,,,,,,,,,,,,,,,,,,,,,,,,,,,,,,,,,,,,,,,,,,,,,,,,,,,,,,,,,,,,,,,,,,,,,,,,,,,,,,,3.0,,,,3.0,,1.0,,0.0,,,,0.0,,0.0,,0.0,,,,0.0,,0.0,,0.0,,,,0.0,,0.0,,0.0,,,,0.0,,0.0,,6,15,0.0,,,,0.0,,0.0,,3.0,,,,3.0,,1.0,,0.0,,,,0.0,,0.0,,Thorax CT Use of Contrast Material,0.0,,,,,,,,,,,,,,,,,14.7,,,,,,,,,,,,,,,,,,,Warfarin therapy discharge instructions,Not Available,Not Available,READM-30-PN,1.0336,16.4,225,40,16.9,3.0,,,,,,,,,,,,,,,3.0,,3.0,3.0,3.0,,Not Available,Not Available,,,,,,,,,,,,,,,,,,,,,,,,,,,,,,,,,,,,,,,,,,,,,,,,,,,,,,,,,,,,,,,,,,,,,,,,,,,,,,,,,,,,,,,,,,,,,,,,,,,,,,,,,
33,010054,DECATUR MORGAN HOSPITAL-PARKWAY CAMPUS,05,2015,,,,,,,,,,,,,,,,,,0.0,0.138,,3863.0,,0.537,1.0,1.861,0.027,3863.0,2.651,,,,,,,,,,,,,30.375,,,,,,,,,,,,,,,,,,,,,Not Available,30.000000000000,40.000000000000,21.000000000000,Not Available,07.500000000000,15.000000000000,07.875000000000,,,,,,,,,,,,,,0.859066,,,,,,,,,,,,,,,2.0,,,,0.0,2.0,0.883762,0.0,,,,0.0,0.0,0.869807,,,,,Not Available,,,,,,,,,,,,,10.0,9.0,10.0,0.442053,,3.0,,,,2.0,3.0,0.940634,,,,,,,,,,,,,,,,,,,,,,,,,,,,,,,,,,,,,,,,,,,,,,,,,,,,,,,,,,,,,,,,,,,,,,,,,,,,,,,,,,,,,,,,,,,,,,3.0,,,,3.0,,1.0,,0.0,,,,0.0,,0.0,,0.0,,,,0.0,,0.0,,0.0,,,,0.0,,0.0,,0.0,,,,0.0,,0.0,,6,15,0.0,,,,0.0,,0.0,,3.0,,,,3.0,,1.0,,0.0,,,,0.0,,0.0,,Thorax CT Use of Contrast Material,0.0,,,,,,,,,,,,,,,,,,,,,,,,,,,,,,,,3.2,,,,Warfarin therapy discharge instructions,Not Available,Not Available,READM-30-PN,1.0336,16.4,225,40,16.9,3.0,,,,,,,,,,,,,,,3.0,,3.0,3.0,3.0,,Not Available,Not Available,,,,,,,,,,,,,,,,,,,,,,,,,,,,,,,,,,,,,,,,,,,,,,,,,,,,,,,,,,,,,,,,,,,,,,,,,,,,,,,,,,,,,,,,,,,,,,,,,,,,,,,,,
34,010054,DECATUR MORGAN HOSPITAL-PARKWAY CAMPUS,07,2015,,,,,,,,,,,,,,,,,,0.0,0.093,,2601.0,,0.8,1.0,1.25,0.04,2601.0,3.944,,,,,,,,,,,,,30.375,,,,,,,,,,,,,,,,,,,,,Not Available,30.000000000000,40.000000000000,21.000000000000,Not Available,07.500000000000,15.000000000000,07.875000000000,,,,,,,,,,,,,,0.859066,,,,,,,,,,,,,,,2.0,,,,0.0,2.0,0.883762,0.0,,,,0.0,0.0,0.869807,,,,,Not Available,,,,,,,,,,,,,10.0,9.0,10.0,0.442053,,,,,,,,Not Available,,,,,,,,,,,,,,,,,,,,,,,,,,,,,,,,,,,,,,,,,,,,,,,,,,,,,,,,,,,,,,,,,,,,,,,,,,,,,,,,,,,,,,,,,,,,,,3.0,,,,3.0,,1.0,,0.0,,,,0.0,,0.0,,0.0,,,,0.0,,0.0,,0.0,,,,0.0,,0.0,,0.0,,,,0.0,,0.0,,6,15,0.0,,,,0.0,,0.0,,3.0,,,,3.0,,1.0,,0.0,,,,0.0,,0.0,,Thorax CT Use of Contrast Material,0.0,Payment for pneumonia patients (PAYM_30_PN),128,No different than national average payment,13426.0,14736.0,12031.0,Not Available,,1.31,,,,,,,,,0.37,,,0.72,,4.89,,,,,,,,,,,,,Warfarin therapy discharge instructions,Not Available,Not Available,READM-30-PN,1.0336,16.4,225,40,16.9,3.0,,,,,,,,,,,,,,,3.0,,3.0,3.0,3.0,,Not Available,Not Available,,,,,,,,,,,,,,,,,,,,,,,,,,,,,,,,,,,,,,,,,,,,,,,,,,,,,,,,,,,,,,,,,,,,,,,,,,,,,,,,,,,,,,,,,,,,,,,,,,,,,,,,,
35,010054,DECATUR MORGAN HOSPITAL-PARKWAY CAMPUS,07,2015,,,,,,,,,,,,,,,,,,0.0,0.093,,2601.0,,0.8,1.0,1.25,0.04,2601.0,3.944,,,,,,,,,,,,,30.375,,,,,,,,,,,,,,,,,,,,,Not Available,30.000000000000,40.000000000000,21.000000000000,Not Available,07.500000000000,15.000000000000,07.875000000000,,,,,,,,,,,,,,0.859066,,,,,,,,,,,,,,,2.0,,,,0.0,2.0,0.883762,0.0,,,,0.0,0.0,0.869807,,,,,Not Available,,,,,,,,,,,,,10.0,9.0,10.0,0.442053,,,,,,,,Not Available,,,,,,,,,,,,,,,,,,,,,,,,,,,,,,,,,,,,,,,,,,,,,,,,,,,,,,,,,,,,,,,,,,,,,,,,,,,,,,,,,,,,,,,,,,,,,,3.0,,,,3.0,,1.0,,0.0,,,,0.0,,0.0,,0.0,,,,0.0,,0.0,,0.0,,,,0.0,,0.0,,0.0,,,,0.0,,0.0,,6,15,0.0,,,,0.0,,0.0,,3.0,,,,3.0,,1.0,,0.0,,,,0.0,,0.0,,Thorax CT Use of Contrast Material,0.0,Payment for pneumonia patients (PAYM_30_PN),128,No different than national average payment,13426.0,14736.0,12031.0,Not Available,,,,,,,,,,,,,,,,,,,,,,,,,3.3,,,,Warfarin therapy discharge instructions,Not Available,Not Available,READM-30-PN,1.0336,16.4,225,40,16.9,3.0,,,,,,,,,,,,,,,3.0,,3.0,3.0,3.0,,Not Available,Not Available,,,,,,,,,,,,,,,,,,,,,,,,,,,,,,,,,,,,,,,,,,,,,,,,,,,,,,,,,,,,,,,,,,,,,,,,,,,,,,,,,,,,,,,,,,,,,,,,,,,,,,,,,
